{
  "rows": 3532,
  "positive_rate": 0.2109286523216308,
  "log_loss": 0.42921870771374804,
  "roc_auc": 0.783253022783152,
  "pr_auc": 0.49050003240714735,
  "top_quantile_precision_proxy_k1": 1.0,
  "top_quantile_precision_proxy_k2": 1.0,
  "top_quantile_precision_proxy_k3": 1.0,
  "top_quantile_precision_proxy_k5": 1.0
}